subject,formulation,E12,MRT,VRT
1,1,205.42,3.42,3.98
2,1,59.21,2.49,2.61
3,1,162.07,3.59,4.26
4,1,232.46,3.45,3.07
5,1,160.37,3.85,4.83
6,1,135.72,3.66,4.44
7,1,182.81,3.53,2.91
8,1,116.65,3.72,4.4
9,1,106.69,3.77,4.19
10,1,88.11,3.29,3.79
11,1,104.95,3.51,3.36
12,1,168.99,3.98,4.14
13,1,161.96,4.13,4.63
14,1,238.06,3.78,4.1
15,1,124.45,3.5,3.56
16,1,101.14,2.71,3.39
1,2,167.5,3.13,3.92
2,2,89.35,2.78,5.24
3,2,214.55,3.33,2.93
4,2,248.74,3.4,4.37
5,2,107.99,3.82,3.89
6,2,205.15,3.29,4.04
7,2,197.65,3.22,4.38
8,2,197.98,3.65,3.2
9,2,138.49,3.58,4.1
10,2,124.36,3.37,3.24
11,2,220.06,3.48,3.41
12,2,261.68,3.55,4.03
13,2,156.98,3.55,4.25
14,2,248.39,4.36,3.99
15,2,165.43,3.87,4.31
16,2,126.87,2.77,2.86
1,3,179.35,3.55,4.66
2,3,176.56,2.8,3.85
3,3,234.88,3.66,4.22
4,3,278.4,3.05,3.07
5,3,140.5,3.59,3.81
6,3,215.89,3.27,3.47
7,3,244.66,2.94,3.49
8,3,239.22,3.21,3.22
9,3,274.55,3.63,4.2
10,3,162.93,2.74,3.68
11,3,290.46,3.33,3.29
12,3,160.79,2.54,3.45
13,3,272.46,5.09,7.05
14,3,250.61,3.99,4.01
15,3,239.89,3.5,3.98
16,3,213.62,2.75,2.83
1,4,259.46,3.51,3.69
2,4,198.37,2.83,2.07
3,4,235.46,3.78,3.48
4,4,392.83,2.57,3.4
5,4,232.94,3.34,3.73
6,4,275.79,3.25,3.65
7,4,358.43,2.61,3.17
8,4,275.23,2.61,2.67
9,4,298.31,3.73,3.99
10,4,295.86,2.32,2.94
11,4,306.79,3.16,3.67
12,4,265.94,2.97,3.46
13,4,342.06,3.38,3.91
14,4,329.42,3.64,3.8
15,4,293.16,3.38,3.47
16,4,330.22,2.39,3.01
