measure,drug,form,y
1,1,1,172.4113
1,1,1,178.4488
1,1,1,211.1477
1,1,1,183.945
1,1,1,185.0194
1,1,1,214.0057
1,1,1,191.0812
1,1,1,159.5323
1,1,1,170.1013
1,1,1,174.51
1,1,1,205.0311
1,1,1,189.2332
1,1,1,189.9819
1,1,1,184.6794
1,1,1,172.496
1,1,1,215.319
1,1,1,191.7564
1,1,1,146.7086
1,1,1,195.4762
1,1,1,174.0141
1,1,1,163.1376
1,1,1,178.6719
1,1,1,163.902
1,1,2,151.6525
1,1,2,153.4301
1,1,2,135.2583
1,1,2,178.4687
1,1,2,166.7538
1,1,2,144.6476
1,1,2,185.5896
1,1,2,171.4282
1,1,2,159.078
1,1,2,179.4501
1,1,2,179.1592
1,1,2,178.1913
1,1,2,175.9158
1,1,2,173.6098
1,1,2,163.0689
1,1,2,158.8916
1,1,2,157.6163
1,1,2,152.2376
1,1,2,160.5698
1,1,2,142.4694
1,1,2,201.2537
1,1,2,184.8048
1,1,2,144.9049
1,2,1,0.5071
1,2,1,0.5011
1,2,1,0.6183
1,2,1,0.5372
1,2,1,0.5688
1,2,1,0.5423
1,2,1,0.541
1,2,1,0.6736
1,2,1,0.5238
1,2,1,0.6875
1,2,1,0.3995
1,2,1,0.5999
1,2,1,0.5566
1,2,1,0.5653
1,2,1,0.5807
1,2,1,0.4978
1,2,1,0.5137
1,2,1,0.4493
1,2,1,0.4443
1,2,1,0.5735
1,2,1,0.5871
1,2,1,0.55
1,2,1,0.6317
1,2,2,0.7429
1,2,2,0.5268
1,2,2,0.3722
1,2,2,0.6541
1,2,2,0.5083
1,2,2,0.5101
1,2,2,0.6558
1,2,2,0.5443
1,2,2,0.4648
1,2,2,0.584
1,2,2,0.5568
1,2,2,0.5691
1,2,2,0.6013
1,2,2,0.537
1,2,2,0.6234
1,2,2,0.5498
1,2,2,0.5968
1,2,2,0.6618
1,2,2,0.6056
1,2,2,0.5408
1,2,2,0.6662
1,2,2,0.653
1,2,2,0.6152
2,1,1,11436.549
2,1,1,10406.588
2,1,1,12769.902
2,1,1,10439.444
2,1,1,13752.375
2,1,1,12974.267
2,1,1,10872.707
2,1,1,9932.97
2,1,1,10308.54
2,1,1,11458.121
2,1,1,10859.644
2,1,1,10739.787
2,1,1,10021.87
2,1,1,11099.313
2,1,1,10220.002
2,1,1,9170.551
2,1,1,10700.944
2,1,1,12245.013
2,1,1,10469.052
2,1,1,11875.365
2,1,1,9230.044
2,1,1,11086.793
2,1,1,11770.119
2,1,2,11090.639
2,1,2,10848.088
2,1,2,9921.965
2,1,2,9662.636
2,1,2,9446.208
2,1,2,10862.941
2,1,2,9541.321
2,1,2,10108.271
2,1,2,10399.2
2,1,2,13004.856
2,1,2,9908.013
2,1,2,11009.034
2,1,2,10813.698
2,1,2,9523.476
2,1,2,10628.483
2,1,2,12509.385
2,1,2,11277.196
2,1,2,10768.125
2,1,2,10192.722
2,1,2,8169.261
2,1,2,12120.744
2,1,2,8904.577
2,1,2,11635.102
2,2,1,35.8949
2,2,1,25.7293
2,2,1,32.2345
2,2,1,29.312
2,2,1,25.3405
2,2,1,25.5147
2,2,1,25.2514
2,2,1,28.4973
2,2,1,25.6752
2,2,1,32.1925
2,2,1,36.474
2,2,1,26.2049
2,2,1,32.4951
2,2,1,32.4385
2,2,1,31.1141
2,2,1,27.0497
2,2,1,29.7447
2,2,1,29.2568
2,2,1,31.8137
2,2,1,28.9777
2,2,1,33.0689
2,2,1,28.9712
2,2,1,33.2985
2,2,2,27.1283
2,2,2,26.3046
2,2,2,43.8781
2,2,2,29.597
2,2,2,32.3888
2,2,2,33.7098
2,2,2,29.3357
2,2,2,33.2424
2,2,2,32.665
2,2,2,30.3836
2,2,2,31.4794
2,2,2,31.0915
2,2,2,39.5344
2,2,2,28.3301
2,2,2,26.9455
2,2,2,31.372
2,2,2,32.4366
2,2,2,32.9287
2,2,2,29.4349
2,2,2,27.073
2,2,2,36.1562
2,2,2,29.8594
2,2,2,27.8453
