Y,Trt,Temp
5.124503,1,450
4.695579,1,450
4.666292,1,450
2.461703,1,450
2.444627,1,450
2.835655,1,450
3.86529,1,450
2.39831,1,450
2.869657,1,450
5.012032,1,450
2.619192,1,450
2.718232,1,450
2.712297,1,450
2.824265,1,450
2.391048,1,450
4.043185,1,450
1.775064,1,450
3.501684,1,450
4.347724,1,450
3.01752,1,450
3.079572,1,450
2.682722,1,450
3.607145,1,450
3.026703,1,450
3.071497,2,550
3.886192,2,550
3.255375,2,550
2.485779,2,550
2.776071,2,550
2.701192,2,550
4.293811,2,550
2.58143,2,550
3.089276,2,550
3.660114,2,550
2.102955,2,550
3.196761,2,550
2.98814,2,550
2.371399,2,550
2.732819,2,550
4.572554,2,550
4.686381,2,550
3.493607,2,550
2.240317,2,550
2.871472,2,550
1.440252,2,550
3.223204,2,550
4.348322,2,550
1.37108,2,550
2.155532,3,650
2.357123,3,650
2.25309,3,650
3.023233,3,650
3.417406,3,650
2.76865,3,650
3.407817,3,650
2.187389,3,650
2.557014,3,650
2.744948,3,650
2.747691,3,650
3.32874,3,650
4.360278,3,650
4.605961,3,650
1.259405,3,650
2.122035,3,650
3.848609,3,650
2.313037,3,650
1.257436,3,650
2.956469,3,650
2.972569,3,650
2.893713,3,650
2.707563,3,650
3.914291,3,650
2.627931,4,750
2.919911,4,750
1.466857,4,750
2.391987,4,750
3.020372,4,750
3.812368,4,750
2.108295,4,750
2.601386,4,750
3.273412,4,750
2.567505,4,750
1.535421,4,750
1.141824,4,750
1.59088,4,750
3.303477,4,750
1.67103,4,750
1.860923,4,750
3.043421,4,750
1.961692,4,750
3.113871,4,750
2.586568,4,750
2.494579,4,750
1.916457,4,750
2.964408,4,750
2.585427,4,750
2.079772,5,850
1.501501,5,850
1.045672,5,850
5,,350
5,,350
5,,350
5,,350
5,,350
5,,350
5,,350
5,,350
5,,350
5,,350
5,,350
5,,350
5,,350
5,,350
5,,350
5,,350
5,,350
5,,350
5,,350
5,,350
5,,350
