fabric,comfort
1,48.275
1,23.368
1,13.822
1,-7.187
1,-2.163
1,-0.814
1,21.292
1,58.546
1,27.502
1,1.608
1,25.138
1,34.63
1,0.293
1,-5.184
1,55.315
1,39.71
1,33.679
1,10.332
1,31.333
1,59.184
1,13.951
1,62.017
1,4.859
1,59.3
1,42.297
1,3.242
1,24.382
1,30.338
1,-7.739
1,36.248
1,39.067
1,86.766
1,50.022
1,47.477
1,78.481
1,36.437
1,42.937
1,28.48
1,53.241
1,58.819
1,39.346
1,0.871
1,-34.26
1,37.645
1,-2.401
2,98.167
2,37.568
2,45.066
2,92.485
2,84.923
2,97.267
2,24.362
2,-17.387
2,-0.855
2,57.388
2,30.147
2,41.612
2,52.358
2,72.784
2,79.091
2,97.933
2,14.017
2,74.311
2,60.207
2,23.468
2,45.435
2,44.188
2,25.974
2,56.062
2,21.464
2,24.639
2,41.508
2,34.961
2,15.625
2,79.083
2,64.381
2,33.846
2,56.479
2,10.881
2,58.939
2,57.562
2,74.839
2,54.928
2,1.984
2,43.933
2,60.282
2,7.139
2,48.896
2,34.436
2,61.624
3,3.951
3,2.052
3,38.125
3,-37.753
3,29.213
3,54.212
3,22.271
3,13.06
3,-5.119
3,35.208
3,-20.85
3,26.487
3,-2.712
3,66.798
3,40.093
3,31.934
3,24.742
3,2.805
3,49.274
3,43.175
3,9.772
3,1.715
3,16.483
3,33.133
3,-5.73
3,27.036
3,-38.803
3,4.281
3,0.262
3,34.951
3,36.586
3,22.13
3,9.427
3,55.689
3,18.54
3,22.931
3,55.557
3,31.556
3,12.571
3,68.985
3,-4.043
3,19.377
3,59.096
3,70.676
3,82.856
4,62.842
4,71.948
4,25.756
4,29.703
4,71.285
4,77.012
4,85.466
4,37.717
4,15.199
4,52.426
4,5.083
4,34.368
4,46.775
4,16.766
4,38.72
4,17.533
4,13.186
4,15.837
4,-17.799
4,38.178
4,79.788
4,41.393
4,-22.375
4,57.987
4,66.244
4,27.866
4,24.878
4,27.444
4,42.099
4,39.435
4,41.547
4,38.561
4,38.431
4,55.35
4,1.612
4,48.335
4,63.976
4,46.239
4,46.855
4,48.841
4,8.649
4,66.932
4,35.247
4,-16.001
4,35.663
5,11.127
5,3.304
5,-21.77
5,89.055
5,-2.601
5,32.122
5,38.903
5,51.407
5,34.976
5,-45.284
5,48.798
5,34.991
5,32.422
5,-1.288
5,50.408
5,63.602
5,35.271
5,31.184
5,46.594
5,32.854
5,31.721
5,-25.173
5,67.397
5,35.728
5,34.551
5,83.29
5,11.371
5,49.376
5,36.721
5,17.768
5,16.365
5,-15.033
5,37.099
5,-57.226
5,44.144
5,29.486
5,18.035
5,-23.579
5,-12.022
5,52.555
5,9.782
5,31.225
5,21.503
5,34.919
5,-7.074
6,52.52
6,32.207
6,29.884
6,45.425
6,41.195
6,17.759
6,-4.364
6,58.027
6,27.955
6,118.185
6,44.337
6,52.441
6,66.302
6,2.358
6,42.84
6,5.538
6,21.681
6,65.67
6,46.798
6,56.313
6,64.003
6,66.11
6,21.263
6,44.446
6,36.952
6,56.511
6,59.708
6,63.128
6,39.007
6,48.661
6,52.522
6,64.404
6,38.832
6,40.013
6,10.431
6,43.902
6,65.428
6,35.369
6,40.194
6,92.469
6,61.424
6,41.18
6,72.839
6,59.487
6,46.645
7,40.887
7,13.034
7,20.032
7,68.117
7,22.089
7,22.125
7,-4.974
7,24.909
7,28.03
7,47.791
7,4.864
7,43.607
7,-0.629
7,39.478
7,27.493
7,-2.472
7,1.72
7,11.388
7,-13.967
7,16.286
7,44.01
7,106.451
7,16.995
7,36.821
7,43.433
7,-5.903
7,51.277
7,34.056
7,-25.668
7,11.264
7,39.923
7,6.534
7,5.126
7,-5.392
7,-16.957
7,42.107
7,59.696
7,15.124
7,3.374
7,66.499
7,14.51
7,20.964
7,34.908
7,-17.639
7,-1.319
8,37.986
8,-63.8
8,6.346
8,6.905
8,-60.035
8,-32.89
8,55.234
8,-11.852
8,-1.295
8,-37.515
8,-3.906
8,10.73
8,15.427
8,62.224
8,-96.876
8,-8.452
8,-61.301
8,5.847
8,42.563
8,-34.537
8,-78.65
8,17.706
8,42.688
8,4.556
8,-59.641
8,-11.816
8,-41.542
8,-50.917
8,68.793
8,35.931
8,19.635
8,15.514
8,-42.494
8,3.117
8,22.421
8,9.108
8,23.196
8,-24.531
8,73.985
8,20.649
8,52.379
8,10.052
8,-24.658
8,5.252
8,15.465
9,5.978
9,11.076
9,-22.601
9,-36.759
9,6.815
9,-92.88
9,7.811
9,-29.465
9,-29.793
9,-55.918
9,-22.887
9,56.643
9,-2.861
9,3.291
9,-48.976
9,15.494
9,-54.563
9,-31.744
9,27.991
9,-5.819
9,13.961
9,41.773
9,-44.608
9,-81.988
9,-83.821
9,56.14
9,-37.916
9,7.411
9,7.072
9,-24.782
9,15.288
9,72.253
9,66.18
9,49.039
9,-7.647
9,2.098
9,-31.436
9,-86.468
9,54.603
9,-17.044
9,28.311
9,-116.013
9,-61.716
9,20.44
9,17.039
10,6.933
10,-50.843
10,33.646
10,14.419
10,22.761
10,48.194
10,34.517
10,89.12
10,49.086
10,10.885
10,16.172
10,90.45
10,40.994
10,45.431
10,48.821
10,-9.273
10,68.815
10,-56.943
10,52.968
10,112.898
10,2.854
10,17.919
10,36.867
10,0.516
10,42.411
10,15.99
10,58.399
10,112.185
10,-26.008
10,5.216
10,54.137
10,42.072
10,26.85
10,7.279
10,32.59
10,32.605
10,47.804
10,34.39
10,20.711
10,-33.23
10,47.291
10,22.129
10,33.477
10,-18.234
10,-2.773
11,-19.95
11,7.526
11,-3.823
11,45.09
11,35.06
11,11.522
11,55.389
11,21.003
11,3.645
11,-6.907
11,26.399
11,-7.002
11,34.147
11,18.673
11,50.817
11,34.517
11,36.187
11,-5.039
11,-5.142
11,9.512
11,-36.652
11,-10.953
11,16.844
11,42.796
11,35.566
11,12.439
11,-46.384
11,29.638
11,12.181
11,6.644
11,40.681
11,-18.279
11,0.12
11,74.896
11,-10.39
11,19.14
11,30.118
11,-45.763
11,-58.898
11,11.284
11,36.727
11,-63.848
11,4.304
11,0.527
11,66.14
12,-14.315
12,-13.365
12,30.054
12,16.105
12,1.846
12,-16.702
12,-20.668
12,-2.603
12,-26.02
12,13.177
12,26.727
12,-27.221
12,34.725
12,35.923
12,16.351
12,-29.083
12,26.939
12,17.814
12,-8.076
12,9.959
12,6.281
12,56.684
12,3.869
12,14.518
12,-4.046
12,0.164
12,20.601
12,6.513
12,0.317
12,-12.865
12,5.514
12,29.126
12,-19.275
12,58.363
12,12.155
12,17.933
12,47.583
12,13.699
12,34.077
12,-31.237
12,25.196
12,76.951
12,23.14
12,18.328
12,-34.158
13,-23.988
13,-21.284
13,46.854
13,-9.772
13,-24.404
13,17.044
13,-12.586
13,53.583
13,-14.941
13,-17.295
13,5.529
13,-28.768
13,10.461
13,-32.956
13,3.47
13,-13.356
13,-7.779
13,38.633
13,-11.169
13,7.944
13,-30.605
13,-32.938
13,31.306
13,32.747
13,-2.042
13,-12.587
13,-1.332
13,15.591
13,54.137
13,-1.751
13,38.354
13,32.802
13,7.97
13,38.008
13,-10.503
13,-28.832
13,-45.893
13,28.724
13,-52.805
13,-29.757
13,40.772
13,21.923
13,13.007
13,-29.474
13,65.96
