Beam_ID,specimen,BeamType,shr_stng,ss_mod1,ss_mod2
1,CF-045,W,236,262,115.5
2,CF-064,W,262,287.5,127.2
3,CF-097,W,307,304.8,147
4,CF-131,W,358,320.4,166.6
5,CF-243,W,407,358.2,232.8
6,AF-060,W,237,282.8,114.4
7,AF-090,W,259,298.1,124
8,AF-120,W,312,312.5,133.8
9,No.2,W,285.2,258.8,128.1
10,No.3,W,236,258.4,113.7
11,No.7,W,568.8,549.7,315
12,No.8,W,529.6,550.8,280
13,A2,W,185,126.9,68.1
14,A3,W,187,119.8,61.1
15,A5,W,227,159.6,68.1
16,Bb,W,136,131.4,49.8
17,Bc,W,121,111.9,38.8
18,Be,W,178,154.7,49.8
19,Bf,W,161,117,38.8
20,SB-F1,W,66.1,60.6,33.3
21,SB-F2,W,66.7,60.6,33.3
22,MB-F1,W,236.3,171.8,130.9
23,MB-F2,W,250.3,171.8,130.9
24,LB-F1,W,871.5,733,566.7
25,LB-F2,W,881.1,733,566.7
26,PC1,W,177.5,122.8,106.6
27,PC2,W,155,118.9,100.8
28,A290W,W,367,268.8,181.3
29,A290WR,W,388,279.3,175.6
30,W7,W,1110.5,814.6,385.8
31,BDF-00,W,132.1,136,66.5
32,BDF-R6,W,180.9,153,97.1
33,BDF-R8,W,213.6,165.4,134.5
34,S5-CS,W,725,589.4,560.5
35,S5-CA,W,888,622.5,768.7
36,RS4Wa,W,250,208.8,369.4
37,RS3Wa,W,330,210,386.2
38,RS2Wa,W,300,212.1,419.6
39,ST1b,W,242,243.7,124.1
40,ST2b,W,270,262.1,146.2
41,ST3b,W,279,272.1,168.2
42,C1,W,603.1,506.1,303.3
43,C2,W,716,550.4,385.9
44,G1,W,469,459.3,246.3
45,G2,W,551.5,501.6,271.8
46,G3,W,581.2,529.1,297.3
47,G4,W,689.5,548.6,322.8
48,GS1,W,319.5,426,229.3
49,GS1a,W,356.2,438.9,233.5
50,GS3,W,427.5,500.4,259
51,GS5,W,515,535.1,284.5
52,RR2,W,60.7,42.4,72.5
53,RR4,W,56,40,72.4
54,RR5,W,63.2,40,72.3
55,RR6,W,61.6,40,73.1
56,BS7,W,235.5,202.8,131.5
57,V12-A,W,116.4,137.6,62.4
58,V18-A,W,127.3,137.6,62.4
59,V20-A,W,140.1,137.6,62.4
60,V18-B,W,202.4,156,87.7
61,V16-A,W,184,156,87.7
62,BT2,U,155,140.6,119.8
63,BT4,U,162,127.9,79.8
64,S3,U,202.1,134.9,78.3
65,S5,U,198.2,146.2,99.7
66,A10_M,U,61,47.6,72.5
67,A12_M,U,89.8,85,95.6
68,B10_M,U,55.6,44.3,49.4
69,B12_M,U,71.5,77,73.7
70,B-7,U,68.5,69.6,47.6
71,B-8,U,85.8,70.4,65.2
72,U4,U,101.5,82.2,38.4
73,U5,U,404.5,358,162.8
74,U6,U,1009,766.1,366
75,SO3-2,U,131,141.1,56.3
76,SO3-3,U,133.5,150.3,67.7
77,SO3-4,U,144.5,158.7,90.6
78,SO3-5,U,169.5,158.7,90.6
79,SO4-2,U,127.5,120.5,56.3
80,SO4-3,U,155,132.7,90.6
81,SW3-2,U,177,185.9,185.3
82,SW4-2,U,180.5,148.6,185.3
83,BS2,U,247.5,207.7,152.2
84,BS5,U,170,186.4,122.5
85,BS6,U,166.7,186.4,122.3
86,B1,U,701,477.3,535.6
87,B3,U,60.7,58.3,71.2
88,B5,U,66.6,59.4,93.9
89,B19,U,55.5,57.7,74.4
90,UF90,U,125,145.4,169.7
91,LB-U1,U,563,612.8,456.5
92,LB-U2,U,559.8,612.8,456.5
93,MB-U1,U,154.6,143.9,112.6
94,MB-U2,U,159.7,143.9,112.6
95,PU1,U,142.5,118.2,99.9
96,PU2,U,130,114.6,94.9
97,B2S,U,112.5,101.6,68
98,B3S,U,75,58.9,68
99,B3FS,U,77.5,71.3,68
100,RC8NA,U,850.9,791.1,522.7
101,RC12NA,U,765.1,763.4,521.3
102,RS4Ub,U,225,225.2,242
103,RS3Ua,U,270,227.2,258.1
104,RS2Ua,U,280,230.7,290.4
105,ED1_S0_0.5L,U,102,163.4,65.7
106,ED1_S0_1L,U,120,174.2,80
107,ED1_S0_2L,U,122,185.8,98.5
108,ED1_S1-0.5L,U,282,200.7,195.4
109,ED1_S1-1L,U,255,201.9,209.6
110,ED1_S1_2L,U,267,203.9,228.1
111,ED1_S2_1L,U,309,213.7,339.3
112,ED1_S2_2L,U,297,213.3,357.8
113,ED2_S0_1L,U,59,57.9,18.9
114,ED2_S0_2L,U,68,61.2,27.5
115,ED2_S1_1L,U,96,65.3,53.3
116,ED2_S1_2L,U,105,66.2,62
117,JO,U,50.1,37.1,57.9
118,JP,U,62.3,50.9,57.9
119,BT1-1,U,67.4,89.5,55.7
120,BT1-1I,U,87.3,89.5,55.7
121,BT1-2I,U,67.4,85.5,49.9
122,BT2-1,U,67.4,65.4,45.2
123,B-U1-C-14,U,252.9,291.5,202.8
124,B-U2-C-14,U,264.8,303.9,253.4
125,B-U1-C-17,U,238.9,285.7,185.9
126,B-U2-C-17,U,243.3,299.8,236.5
127,V10-A,U,107.5,130.2,59.8
128,V10-B,U,106,130.2,59.8
129,V17-A,U,102.8,130.2,59.8
130,V11-A,U,98.4,130.2,59.8
131,V11-B,U,124.8,130.2,59.8
132,V17-B,U,92.9,130.2,59.8
133,V15-B,U,138.4,141.4,82.4
134,V16-B,U,112.4,141.4,82.4
135,S0-0.12R,U,120.9,158,62.4
136,S0-0.17R1,U,134.5,167.2,68.1
137,S0-0.20R2,U,131.1,172,71.9
138,S0-0.20R1,U,135.7,172.3,72.1
139,S0-0.23R,U,150.6,175.7,75.6
140,S0-0.33R,U,120,181.6,86.9
141,S0-0.66R,U,121.7,193.8,109.6
142,S1-0.17R2,U,246.7,206.1,176.7
143,S1-0.23R,U,253.9,208.2,184.2
144,S1-0.33R,U,250.6,209.4,195.4
145,Beam 2,U,186.5,165.9,131.4
146,Beam 6,U,167,158.7,106.1
147,Beam 7,U,152.5,158.7,103.9
148,LSB-140-1L,U,268.8,194.5,472.8
149,LSB-140-2L,U,288.1,198.5,566.9
150,LSB-203-1L,U,250.3,194.2,422.2
151,LSB-203-2L,U,276.4,198.4,516.3
152,LSB-203-3L,U,295.7,200,585.3
153,LSB-406-1L,U,231.8,193.8,366
154,LSB-406-2L,U,268.8,198.3,460.2
155,LSB-610-1L,U,216.7,193.6,347.3
156,LSB-610-2L,U,213.4,198.3,441.4
157,LSB-610-3L,U,216.7,199.9,510.3
158,SF90,S,112.5,139.9,161.8
159,BT3,S,157.5,135.2,105
160,BT5,S,121.5,121.6,73.9
161,TR30C2,S,120,112.1,70.6
162,TR30C3,S,112.8,129.3,114.4
163,TR30C4,S,140.2,129.3,114.4
164,TR30D10,S,193,165.8,173.1
165,TR30D2,S,213.3,173.2,193.1
166,TR30D20,S,247.5,173.2,193.1
167,TR30D3,S,161.4,158.9,145.2
168,TR30D4,S,208.8,165.8,173.1
169,TR30D40,S,212,165.8,173.1
170,SO,S,41.5,35.9,35.3
171,SP,S,41.2,48.7,35.3
172,WO,S,42,37.3,31.7
173,WP,S,45.2,51.2,31.7
174,S2,S,160.5,129.8,80
175,S4,S,156.3,137.9,91.4
176,B-4,S,58.6,64.5,29.4
177,A-290b,S,298,233.1,172.2
178,B-290,S,298,235.9,178.2
179,B-390,S,298,241,210.6
180,Z11-S90,S,84.6,84.5,84.3
181,Z22-S90,S,104.6,111,84.3
182,Z31-F90,S,76.5,67.9,44.1
183,Z31-FD,S,87.7,67.9,44.1
184,Z42-F90,S,128.6,86.6,44.1
185,Z42-FD,S,133.5,86.6,44.1
186,V9-A,S,98.1,123.9,54.8
187,V9-B,S,104.3,123.9,54.8
188,V21-A,S,115.2,123.9,54.8
189,V13-A,S,122,133.2,72.3
190,V13-B,S,125.8,133.2,72.3
191,V22-B,S,112.5,177.6,122
192,V20-B,S,142.9,177.6,122
193,RS4Sb,S,180,213.5,231.1
194,RS3Sb,S,205,216.1,247.2
195,RS2Sb,S,240,220.5,279.5
196,CP2-VW,S,173,140.5,170.3
197,CP3-VW,S,154,115.9,170.3
198,CS2-VW,S,170,142.6,197.8
199,CS3-VW,S,108,117.2,197.8
200,CP2-1VS,S,163,132.7,112.2
