eyeShadow,Pb,Cd
1,60.7358,38.2967
1,63.5415,27.7847
1,66.6495,37.2271
1,61.8706,22.0861
1,64.3477,27.6091
1,65.0548,29.9962
2,80.4495,34.3525
2,81.6953,25.1779
2,76.6822,16.1669
2,84.0517,18.3667
2,72.7739,22.2342
2,87.3473,33.1018
3,94.9849,15.4388
3,114.7859,21.2064
3,102.5654,12.3427
3,110.7007,13.0261
3,96.5623,19.7166
3,116.4009,18.4693
4,102.8237,23.7176
4,90.6229,36.9072
4,94.6672,25.9308
4,87.9427,25.7390
4,103.5170,34.1444
4,94.0264,28.7610
5,72.0696,37.0435
5,90.1679,42.4057
5,71.3291,30.3203
5,87.5808,27.3421
5,73.1779,42.6425
5,77.2747,37.4460
6,86.2192,43.8365
6,106.0675,33.5291
6,81.6810,45.3053
6,88.1585,47.0036
6,81.7281,51.2611
6,96.1458,34.6642
7,139.9851,38.0212
7,116.4380,40.7338
7,117.9591,34.8064
7,122.7284,42.3281
7,104.6933,26.8658
7,118.1962,30.8448
8,76.4181,45.8145
8,77.1723,43.2829
8,68.5588,34.8861
8,84.3232,36.6310
8,86.2191,50.9162
8,88.5085,32.6693
9,62.4203,30.4049
9,69.6004,40.4313
9,67.5145,38.1807
9,74.5903,28.6017
9,66.8936,38.0419
9,53.1810,39.7395
10,96.4040,47.0295
10,89.8954,36.0425
10,93.7284,53.9766
10,106.5567,44.5810
10,81.9306,48.5872
10,87.0849,41.5831
11,128.6581,31.5850
11,110.6668,25.5766
11,111.0177,24.5899
11,134.7408,23.6055
11,119.6907,23.2710
11,97.2259,20.7721
12,80.1638,17.6183
12,95.7790,21.3834
12,97.8854,16.4157
12,80.9402,19.1383
12,85.7165,15.4840
12,77.3151,23.3603
13,66.1579,28.4309
13,59.5781,27.7408
13,51.5370,20.0584
13,58.0900,19.6868
13,67.1773,29.3959
13,62.8598,31.8872
14,41.3310,38.3549
14,64.6253,27.3226
14,57.9848,31.7931
14,49.7707,31.4498
14,45.2681,29.0264
14,44.0199,37.6533
15,78.2196,32.7304
15,84.9235,21.4779
15,87.4653,29.5187
15,65.0880,19.3809
15,78.6664,22.7022
15,83.2373,33.1900
