formulation,tablet,min120,min130,min135,min140,min150,min165,min180,min210,min240
1,1,3.7,17.5,38.4,59.5,75.5,83.2,86.5,90.5,93.6
1,2,4,66.6,78.1,84.7,89.2,92.2,94.7,96.5,97.5
1,3,4,15.6,34.9,57.4,76.1,85.4,89.1,92.2,93.3
1,4,5.1,50,65,73.3,78.1,81.6,82.1,84.8,86.5
1,5,4.6,25.8,51.9,70.8,84.6,85.9,92.7,95,97.4
1,6,5,41.3,59.9,71.5,79.5,83.6,85.7,88.3,88.9
1,7,2.8,24.4,39,78.5,67.3,77,83.2,85.8,89.5
1,8,4.2,47.3,65.3,52.7,86.5,89.7,92.1,94.4,96.7
1,9,3.1,42,65.3,77.8,86.2,92.7,94.9,96.4,99.6
1,10,5.6,76.6,82.7,86.1,88.6,90.6,91.6,92.8,85.5
1,11,2.9,20.2,40.9,61.1,78,85.8,87.3,89.8,92.5
1,12,3.6,67.8,81.3,84.1,88.4,90.3,91,93.4,94.5
2,1,1.2,9.7,25.6,50.9,79.1,88.5,92.2,94.5,95.6
2,2,1.8,15.6,37.9,64.5,86.1,94.8,97.8,100.6,101.6
2,3,1.3,11.3,31.9,58.8,81.2,90.4,94.7,97.4,99.2
2,4,0.9,11.1,28.7,49.1,72.9,86.6,92.2,96.2,97.8
2,5,2,11.4,30.4,52.3,77.5,87.9,93,96.5,98.7
2,6,1.4,12.4,29.5,49.9,72.8,85.8,92,96.2,98.1
2,7,0,10.7,39,62.1,84,94,96.9,99.7,101.7
2,8,0,6.8,25.6,49.7,82.6,93.3,97.3,100.4,102.3
2,9,0.3,9.1,24.5,45,76.3,90.6,94,97.1,98.8
2,10,0.5,12.3,33.8,52.7,75.2,85,88.8,91.8,93.7
2,11,0.7,20.3,41.2,57.2,78.4,88.3,93.8,97.4,99.3
2,12,0.6,13.4,32.6,54.3,83.1,91.3,94.8,97.4,99
3,1,5.7,22.1,38.2,56.3,70.5,81.8,85.1,88,90.3
3,2,4.3,20.3,39.3,56.1,70.6,82.3,83.7,88.7,90.2
3,3,3.2,27.5,46,64.7,77.3,84.5,86,87.6,87.3
3,4,3.4,43.2,61.6,72.8,80.5,83.1,86.7,86.4,88.1
3,5,3.9,14.5,32.3,47.1,67.8,77.8,82.2,86.3,88.3
3,6,2.4,6.5,20.7,42.3,66.5,78.5,84.7,86.6,88.7
3,7,1.8,10.3,30.4,50.8,75.8,85.7,86.5,89.5,90.8
3,8,4.1,28.8,50,63,77.9,83.4,87.4,88.8,87.9
3,9,2.7,16.4,37.8,60.3,81.5,86.1,87.7,88.4,89.7
3,10,2.6,15.9,34.7,53.7,69.7,78.9,82.4,85.6,86.7
3,11,2.7,20.7,43.8,64.1,78.3,84.8,86.2,90.2,90.5
3,12,3.5,42.7,63.9,72,80.1,82.1,86.3,86.4,88.1
