tablet,minutes,diss.T1,diss.T2,diss.R
1,120,3.7,1.2,5.7
2,120,4,1.8,4.3
3,120,4,1.3,3.2
4,120,5.1,0.9,3.4
5,120,4.6,2,3.9
6,120,5,1.4,2.4
7,120,2.8,0,1.8
8,120,4.2,0,4.1
9,120,3.1,0.3,2.7
10,120,5.6,0.5,2.6
11,120,2.9,0.7,2.7
12,120,3.6,0.6,3.5
1,130,17.5,9.7,22.1
2,130,66.6,15.6,20.3
3,130,15.6,11.3,27.5
4,130,50,11.1,43.2
5,130,25.8,11.4,14.5
6,130,41.3,12.4,6.5
7,130,24.4,10.7,10.3
8,130,47.3,6.8,28.8
9,130,42,9.1,16.4
10,130,76.6,12.3,15.9
11,130,20.2,20.3,20.7
12,130,67.8,13.4,42.7
1,135,38.4,25.6,38.2
2,135,78.1,37.9,39.3
3,135,34.9,31.9,46
4,135,65,28.7,61.6
5,135,51.9,30.4,32.3
6,135,59.9,29.5,20.7
7,135,39,39,30.4
8,135,65.3,25.6,50
9,135,65.3,24.5,37.8
10,135,82.7,33.8,34.7
11,135,40.9,41.2,43.8
12,135,81.3,32.6,63.9
1,140,59.5,50.9,56.3
2,140,84.7,64.5,56.1
3,140,57.4,58.8,64.7
4,140,73.3,49.1,72.8
5,140,70.8,52.3,47.1
6,140,71.5,49.9,42.3
7,140,78.5,62.1,50.8
8,140,52.7,49.7,63
9,140,77.8,45,60.3
10,140,86.1,52.7,53.7
11,140,61.1,57.2,64.1
12,140,84.1,54.3,72
1,150,75.5,79.1,70.5
2,150,89.2,86.1,70.6
3,150,76.1,81.2,77.3
4,150,78.1,72.9,80.5
5,150,84.6,77.5,67.8
6,150,79.5,72.8,66.5
7,150,67.3,84,75.8
8,150,86.5,82.6,77.9
9,150,86.2,76.3,81.5
10,150,88.6,75.2,69.7
11,150,78,78.4,78.3
12,150,88.4,83.1,80.1
1,165,83.2,88.5,81.8
2,165,92.2,94.8,82.3
3,165,85.4,90.4,84.5
4,165,81.6,86.6,83.1
5,165,85.9,87.9,77.8
6,165,83.6,85.8,78.5
7,165,77,94,85.7
8,165,89.7,93.3,83.4
9,165,92.7,90.6,86.1
10,165,90.6,85,78.9
11,165,85.8,88.3,84.8
12,165,90.3,91.3,82.1
1,180,86.5,92.2,85.1
2,180,94.7,97.8,83.7
3,180,89.1,94.7,86
4,180,82.1,92.2,86.7
5,180,92.7,93,82.2
6,180,85.7,92,84.7
7,180,83.2,96.9,86.5
8,180,92.1,97.3,87.4
9,180,94.9,94,87.7
10,180,91.6,88.8,82.4
11,180,87.3,93.8,86.2
12,180,91,94.8,86.3
1,210,90.5,94.5,88
2,210,96.5,100.6,88.7
3,210,92.2,97.4,87.6
4,210,84.8,96.2,86.4
5,210,95,96.5,86.3
6,210,88.3,96.2,86.6
7,210,85.8,99.7,89.5
8,210,94.4,100.4,88.8
9,210,96.4,97.1,88.4
10,210,92.8,91.8,85.6
11,210,89.8,97.4,90.2
12,210,93.4,97.4,86.4
1,240,93.6,95.6,90.3
2,240,97.5,101.6,90.2
3,240,93.3,99.2,87.3
4,240,86.5,97.8,88.1
5,240,97.4,98.7,88.3
6,240,88.9,98.1,88.7
7,240,89.5,101.7,90.8
8,240,96.7,102.3,87.9
9,240,99.6,98.8,89.7
10,240,85.5,93.7,86.7
11,240,92.5,99.3,90.5
12,240,94.5,99,88.1
