shipTrt,trtID,L.star,a.star
1,1,17.7575,24.4971
1,2,17.9925,26.9582
1,3,18.4705,27.6317
1,4,13.4241,18.0226
1,5,19.7282,25.7558
1,6,13.1565,28.1487
1,7,21.5381,30.2739
1,8,14.1280,29.5009
1,9,18.1672,23.8851
1,10,20.1950,26.1052
1,11,17.5782,23.9661
1,12,15.4430,23.8577
1,13,10.1485,29.4921
1,14,14.6316,27.4209
1,15,18.1412,24.4838
2,1,23.1254,32.4340
2,2,17.0908,16.9068
2,3,37.0785,17.0623
2,4,25.1503,13.8799
2,5,11.7382,11.5460
2,6,21.0834,23.5875
2,7,27.8173,19.8298
2,8,13.9727,15.1780
2,9,10.7307,26.8145
2,10,24.0535,26.6957
2,11,15.3983,26.2758
2,12,22.6732,23.1554
2,13,17.5703,16.2646
2,14,17.7911,15.7314
2,15,26.7264,13.1382
3,1,32.2451,16.5900
3,2,28.2186,19.5232
3,3,24.8151,14.0142
3,4,27.0848,18.9258
3,5,22.2499,18.3716
3,6,19.4729,19.1263
3,7,26.2036,18.1783
3,8,20.8890,16.7863
3,9,24.5725,18.8389
3,10,29.7893,24.2747
3,11,24.2449,21.9850
3,12,28.2401,16.0721
3,13,25.4399,20.2466
3,14,17.9319,22.9586
3,15,26.6022,25.1084
4,1,30.6687,20.8916
4,2,20.4410,18.1415
4,3,24.7192,18.4840
4,4,21.6698,18.1190
4,5,27.8373,14.1977
4,6,22.9080,15.1348
4,7,24.1533,18.2191
4,8,22.2076,23.4023
4,9,24.5918,19.3157
4,10,23.1047,19.5320
4,11,22.9217,20.0042
4,12,23.7338,15.8406
4,13,24.6298,19.5473
4,14,25.5169,24.1879
4,15,28.3964,19.9822
5,1,26.1254,20.4295
5,2,32.8077,13.7153
5,3,23.4734,17.7776
5,4,23.2515,14.2886
5,5,24.1122,16.1161
5,6,24.4906,20.7768
5,7,23.8204,17.9544
5,8,27.4190,10.4012
5,9,20.3186,18.6180
5,10,21.2993,17.5945
5,11,27.2659,18.8929
5,12,27.3595,18.0567
5,13,28.1417,17.7688
5,14,24.8111,16.1040
5,15,23.3038,15.0057
6,1,29.4236,18.1430
6,2,29.2113,12.6073
6,3,29.3238,17.5514
6,4,31.7198,13.6935
6,5,25.6413,11.8024
6,6,21.4721,14.9226
6,7,27.8160,15.5544
6,8,31.9919,13.8725
6,9,29.0612,16.5322
6,10,28.6718,20.3596
6,11,25.5734,17.6584
6,12,28.6501,19.7463
6,13,24.4931,14.8097
6,14,25.2354,17.7136
6,15,19.7150,12.0330
7,1,28.5954,12.4025
7,2,25.3016,14.9098
7,3,28.9539,16.3580
7,4,22.5156,16.5222
7,5,25.7916,17.9368
7,6,24.4554,16.4595
7,7,23.8490,19.8640
7,8,26.8312,14.4740
7,9,29.3440,17.5941
7,10,28.8744,15.1266
7,11,26.1500,14.0599
7,12,29.7907,16.2409
7,13,29.9627,14.3175
7,14,21.6483,14.0810
7,15,28.4363,13.6530
