lipstick,Pb,Cd
1,26.37048444,18.73927007
1,16.14242312,18.72379681
1,21.5753194,18.68959705
1,22.64161617,18.71193704
1,17.39832599,18.66249295
1,21.27183088,18.67290607
2,16.71299227,21.87064252
2,15.66705102,22.15374651
2,19.56135766,21.7533567
2,14.92985965,21.80395535
2,13.46497409,19.87555124
2,12.66376531,21.54274768
3,17.64330798,15.39113732
3,16.22539648,16.46629943
3,20.40017314,16.38207036
3,18.5736832,16.47425475
3,20.31389871,16.58494667
3,16.64354049,16.50129146
4,20.54808517,17.49813604
4,20.87474982,17.56199651
4,21.01906928,17.74314302
4,23.5697742,18.17477977
4,20.99585017,18.38235868
4,22.59247137,17.43958598
5,21.04327557,20.97961436
5,19.42812025,20.68848983
5,19.6452936,20.69903186
5,18.83085218,20.90771892
5,18.96973509,21.0702399
5,17.88272331,21.05490513
6,21.53311687,22.86803814
6,22.73167732,23.06385562
6,21.73833525,22.75917
6,20.22507947,23.55588855
6,23.09409867,22.90395228
6,21.47769242,22.84909541
7,17.89891781,21.92029506
7,18.92166661,21.22503502
7,18.70652249,22.14273118
7,16.75391063,21.30146213
7,21.32480786,20.57366147
7,19.1941746,22.43681514
8,19.41067,22.71164454
8,21.79657593,21.53631213
8,20.77710025,20.80775413
8,22.21431062,23.66337093
8,18.18479282,23.79898911
8,17.01655038,21.88192917
9,18.93813672,18.41615972
9,23.07053692,18.32690402
9,19.35798291,22.76351938
9,21.38187309,19.76433402
9,18.77014022,19.25455305
9,22.08133013,19.67452981
10,19.29229796,22.90375063
10,21.54720096,20.53466206
10,19.02956435,19.32622575
10,18.51616417,21.91570025
10,22.4208825,17.63902574
10,16.79389008,21.88063557
11,19.96216847,22.03714048
11,22.10057271,22.4790299
11,20.90146379,19.33034127
11,19.82911719,20.81773426
11,21.58909921,22.40145364
11,18.61757863,21.33430043
12,18.91805501,21.1755844
12,17.81821444,19.94607718
12,17.84147403,21.94169236
12,18.22204049,25.79033023
12,18.47015054,23.78462578
12,16.1300655,22.96169005
13,22.10485869,19.36519921
13,20.25892332,19.44682395
13,20.4573942,23.25392515
13,23.0107245,21.08534715
13,19.55157598,21.53890665
13,20.0165233,18.30979789
14,17.74670955,23.74077859
14,15.59372393,20.62880857
14,16.25197169,21.33570264
14,15.39080068,23.14872516
14,15.85805372,23.05619056
14,16.95874043,18.28979448
15,16.08841033,21.97805973
15,15.51123908,20.80616805
15,14.65112543,23.3560469
15,14.50236053,18.1170792
15,16.14338243,20.22557346
15,14.9034822,19.71707266
