patientID,soundTrt,pulseRate,SBP,DBP,respRate,bodyTemp
1,1,80.671,122.714,84.719,18.130,35.891
2,1,66.992,144.138,85.438,19.870,36.209
3,1,73.341,113.183,68.696,18.050,36.111
4,1,89.295,121.574,74.061,18.553,35.817
5,1,84.508,120.483,84.684,18.708,36.096
6,1,76.298,118.247,85.090,16.803,36.185
7,1,80.347,137.417,102.961,18.193,36.065
8,1,82.244,118.764,87.004,18.505,35.941
9,1,84.471,134.271,72.657,19.248,35.787
10,1,83.103,134.112,73.926,19.152,35.848
11,1,76.795,110.900,73.530,18.215,35.885
12,1,90.689,120.476,74.827,18.797,35.653
13,1,94.329,127.460,97.258,18.407,36.258
14,1,70.865,108.840,92.704,19.405,36.062
15,1,76.940,116.547,97.383,18.356,36.160
16,1,86.204,131.079,87.962,17.774,36.062
17,1,86.043,124.248,85.230,18.817,36.050
18,1,79.818,121.609,69.745,19.431,35.957
19,1,77.375,145.539,96.215,18.968,35.757
20,1,90.182,109.679,90.951,20.056,35.986
21,1,90.032,108.908,91.561,19.434,35.641
22,1,72.542,114.701,88.736,19.749,36.156
23,1,84.924,120.311,78.216,18.189,35.968
24,1,83.198,127.372,86.143,18.563,36.138
25,1,72.293,117.179,72.802,17.625,36.067
26,2,95.229,117.577,49.386,20.107,36.181
27,2,98.980,123.063,80.641,19.422,36.105
28,2,92.847,141.032,77.665,18.880,35.753
29,2,87.906,119.479,83.918,19.917,35.915
30,2,69.222,133.095,65.866,19.292,36.309
31,2,79.133,123.200,75.824,18.645,35.905
32,2,81.591,128.702,82.093,19.124,35.891
33,2,81.880,117.456,83.312,20.336,36.241
34,2,92.740,115.134,83.416,19.480,36.279
35,2,64.607,120.708,77.678,18.907,36.182
36,2,107.301,114.886,84.378,19.447,36.044
37,2,80.588,114.561,88.918,17.712,36.054
38,2,80.669,124.104,78.888,20.428,36.096
39,2,73.102,131.606,98.702,20.101,35.764
40,2,92.983,129.751,76.567,19.814,36.178
41,2,80.076,128.563,84.534,19.981,36.024
42,2,88.200,109.812,65.148,20.157,35.989
43,2,74.517,108.325,84.872,19.315,36.103
44,2,90.162,124.191,74.253,18.582,35.978
45,2,90.113,122.526,64.418,18.584,36.365
46,2,81.752,121.581,73.455,19.777,36.118
47,2,95.736,125.041,72.280,20.559,36.009
48,2,75.433,133.856,79.695,19.154,36.068
49,2,74.850,109.103,81.523,19.606,36.116
50,2,85.133,120.649,80.569,20.926,35.833
51,3,82.991,107.730,74.948,20.685,36.461
52,3,68.218,106.378,86.185,18.364,36.403
53,3,88.477,110.956,82.766,18.108,36.240
54,3,69.580,133.849,72.861,19.925,36.043
55,3,73.487,123.151,82.375,18.713,36.318
56,3,73.684,116.464,90.224,19.889,36.435
57,3,90.636,115.647,80.447,16.651,36.324
58,3,62.638,118.222,81.990,18.283,36.046
59,3,86.715,122.441,86.261,18.179,36.169
60,3,66.781,130.389,79.779,19.812,36.000
61,3,90.285,122.020,84.436,19.786,36.340
62,3,75.833,124.163,81.546,18.314,36.072
63,3,77.901,109.690,72.631,18.365,36.389
64,3,67.785,118.782,87.859,18.498,36.506
65,3,77.646,126.064,97.923,19.772,36.094
66,3,76.410,128.864,81.141,18.991,36.209
67,3,89.606,117.060,97.146,18.955,36.203
68,3,71.778,117.459,70.087,17.847,35.947
69,3,70.532,115.427,64.191,18.176,36.315
70,3,77.632,122.510,70.886,17.886,36.224
71,3,76.485,117.674,77.280,18.185,36.261
72,3,71.299,119.419,79.107,19.365,36.491
73,3,82.541,115.768,77.967,20.547,36.365
74,3,66.997,114.944,75.272,19.601,36.093
75,3,71.311,115.431,68.444,21.603,36.302
76,4,93.792,128.361,68.995,19.306,36.268
77,4,84.649,120.157,70.279,19.277,36.265
78,4,84.823,102.620,80.876,18.361,36.253
79,4,91.532,120.951,63.340,18.478,36.272
80,4,87.412,123.560,77.409,19.590,36.142
81,4,77.360,124.273,108.553,17.744,36.207
82,4,93.826,108.517,77.877,19.226,36.207
83,4,76.249,127.594,63.813,19.831,36.073
84,4,63.196,108.968,83.739,17.742,35.925
85,4,109.331,131.804,80.966,18.947,36.322
86,4,91.156,127.827,74.880,19.001,36.106
87,4,81.306,113.097,78.227,20.246,35.971
88,4,95.223,128.717,59.631,19.284,36.435
89,4,73.712,123.445,78.086,19.463,36.260
90,4,91.784,99.240,57.097,19.656,36.190
91,4,86.113,143.410,75.638,20.092,36.092
92,4,73.033,114.394,84.441,16.927,36.354
93,4,72.054,122.914,93.989,16.536,36.179
94,4,99.740,140.288,71.008,19.471,36.108
95,4,63.277,150.691,90.300,17.327,36.395
96,4,71.551,123.618,81.385,20.271,36.199
97,4,78.485,123.984,72.995,19.797,36.283
98,4,77.381,130.599,73.312,20.397,36.227
99,4,91.635,114.737,82.573,20.528,36.126
100,4,83.884,134.734,57.838,18.252,36.142
