sa1Vol,sa2Vol
0.316136114,0.483825598
0.201975851,0.990154712
0.114160263,1.383966245
0.509330406,0.990154712
0.500548847,0.787623066
0.913282108,0.776371308
1.009879254,0.978902954
1.510428101,0.495077356
0.307354555,2.00281294
0.720087816,2.081575246
0.913282108,2.00281294
1.009879254,1.980309423
0.61,2.385372714
0.509330406,2.981715893
0.614709111,3.206751055
1.220636663,4.601969058
1.30845225,2.689170183
1.51920966,2.50
1.510428101,2.396624473
1.501646542,1.991561181
1.607025247,1.507735584
2.00219539,0.990154712
5.304061471,0.686357243
5.892425906,1.597749648
4.996706915,1.496483826
2.801317234,1.507735584
2.010976948,1.867791842
2.010976948,1.969057665
2.300768386,1.980309423
2.41492865,2.00281294
2.511525796,1.991561181
3.205268935,1.980309423
4.504939627,1.991561181
2.010976948,2.60
2.511525796,2.486638537
3.012074643,2.284106892
3.012074643,2.396624473
3.301866081,2.374120956
4.004390779,2.486638537
2.010976948,3.195499297
2.704720088,2.992967651
2.810098793,2.992967651
2.801317234,2.790436006
2.502744237,3.29676512
2.511525796,3.50
2.107574094,3.791842475
2.010976948,4.286919831
2.00219539,4.489451477
3.609220637,2.981715893
3.802414929,2.981715893
4.013172338,2.992967651
5.497255763,3.386779184
5.014270033,3.994374121
4.698133919,4.489451477
4.504939627,4.50
4.215148189,4.20
4.004390779,4.10
4.004390779,3.780590717
4.013172338,3.476793249
3.50,3.690576653
3.108671789,3.488045007
2.906695939,3.29676512
3.012074643,3.195499297
2.818880351,3.893108298
2.608122942,4.20
3.012074643,4.478199719
3.003293085,4.80
2.906695939,5.30
3.609220637,5.187060478
4.004390779,5.00
6.20856202,5.007032349
4.013172338,6.80
4.504939627,6.50
4.601536773,6.90
7.209659715,7.20
7.596048299,7.20
