Shoe,Cleat,ORVolD,OilRes,NumRep,Ice0Mn,Ice0SD,IceM5Mn,IceM5SD,IceM20Mn,IceM20SD,StlGlycMN,StlGlycSD,Hard20,HardM20,ChngPct,AbrRes,Density
1,6,73.2,0,6,0.061,0.006,0.176,0.025,0.476,0.05,0.186,0.034,59.8,59.1,-1.2,259,1.1
2,2.7,68,0,6,0.06,0.008,0.131,0.017,0.383,0.058,0.163,0.011,74,85.4,15.4,169,1.1
3,2.7,86.8,0,6,0.042,0.004,0.173,0.006,0.552,0.052,0.106,0.004,54.66,3.6,16.5,315,1.2
4,4.7,51.3,0,6,0.045,0.007,0.105,0.013,0.29,0.04,0.147,0.007,66.8,70.4,5.4,284,1.2
5,4.3,59.7,0,6,0.076,0.009,0.169,0.004,0.3,0.015,0.161,0.006,56,63,12.5,197,1.1
6,5.2,3.8,1,6,0.061,0.002,0.131,0.009,0.283,0.043,0.131,0.008,60.6,68,12.2,142,1.1
7,8.2,-0.1,1,6,0.029,0.003,0.112,0.008,0.195,0.031,0.072,0.005,69.4,87.2,25.6,34,0.9
8,4,0.4,1,6,0.034,0.012,0.101,0.009,0.117,0.007,0.112,0.011,62.2,79,27,110,1.2
9,1.5,29.3,0,6,0.056,0.004,0.103,0.015,0.714,0.117,0.096,0.002,50,52.8,5.6,146,0.9
10,1,13.8,0,6,0.033,0.012,0.068,0.021,0.154,0.078,0.078,0.015,91.2,92.2,1.1,211,1.1
11,3.5,34.4,0,6,0.08,0.021,0.209,0.004,0.673,0.076,0.155,0.009,61,61.4,0.7,218,1.1
12,6.3,32.8,0,6,0.081,0.008,0.187,0.014,0.878,0.091,0.161,0.005,47.6,52.4,10.1,148,1
13,5,32.8,0,6,0.073,0.011,0.239,0.033,0.709,0.133,0.142,0.004,58.4,61,4.5,263,1
14,4.9,-1,1,6,0.025,0.005,0.119,0.005,0.293,0.017,0.109,0.006,59.4,69.2,16.5,70,1.1
15,3.2,-1.2,1,6,0.049,0.005,0.178,0.016,0.169,0.027,0.141,0.014,49,60,22.4,64,0.6
16,3.1,31.7,0,6,0.024,0.002,0.073,0.002,0.146,0.012,0.159,0.01,64,75.8,18.4,78,0.3
17,5.5,68,0,6,0.063,0.009,0.152,0.023,0.678,0.07,0.156,0.005,59.4,62.6,5.4,126,1.1
18,3.5,-0.9,1,6,0.065,0.005,0.156,0.02,0.18,0.015,0.134,0.01,60.6,70.4,16.2,52,0.6
19,3.5,0.6,1,6,0.063,0.003,0.12,0.002,0.166,0.007,0.115,0.018,63,77.2,22.5,69,0.6
20,3.5,-0.2,1,6,0.065,0.006,0.133,0.005,0.255,0.023,0.133,0.025,57.4,67.8,18.1,88,1
21,5.1,27.1,0,6,0.057,0.005,0.153,0.008,0.591,0.073,0.116,0.014,61.8,68.8,11.3,261,1
22,3.5,8,1,6,0.06,0.003,0.177,0.003,0.319,0.055,0.115,0.006,57.8,72.4,25.3,156,1.1
23,2.4,15,0,6,0.025,0.001,0.148,0.012,0.227,0.025,0.2,0.013,62.4,73.6,17.9,332,0.5
